source,target,weight
ognis1205,vishalmysore,4
darrelmiller,kthota-g,2
darrelmiller,ognis1205,2
darrelmiller,robert-at-pretension-io,1
darrelmiller,vishalmysore,1
kthota-g,ognis1205,3
kthota-g,robert-at-pretension-io,1
kthota-g,vishalmysore,1
ognis1205,robert-at-pretension-io,2
robert-at-pretension-io,vishalmysore,1
EditUndo,lukehinds,2
EditUndo,ognis1205,2
lukehinds,ognis1205,5
DracoBlue,EditUndo,1
DracoBlue,ognis1205,1
DracoBlue,robert-at-pretension-io,1
EditUndo,robert-at-pretension-io,1
0xTomDaniel,CHARLIE1210-A,1
0xTomDaniel,EliasLumer,1
0xTomDaniel,KiteSoar,1
0xTomDaniel,KomachiSion,1
0xTomDaniel,LordOfBug,1
0xTomDaniel,OyaAIProd,1
0xTomDaniel,Roye-Wy,1
0xTomDaniel,SecureAgentTools,1
0xTomDaniel,ahoblitz,1
0xTomDaniel,architectureofthings,1
0xTomDaniel,benclarkeio,1
0xTomDaniel,brasseld,1
0xTomDaniel,carlesarnal,1
0xTomDaniel,chendatony31,1
0xTomDaniel,darrelmiller,1
0xTomDaniel,dasiths,1
0xTomDaniel,deepakskhetwal,1
0xTomDaniel,duglin,1
0xTomDaniel,humuhimi,1
0xTomDaniel,iFurySt,1
0xTomDaniel,izzymsft,1
0xTomDaniel,jenish2917,1
0xTomDaniel,joshhalley,1
0xTomDaniel,kenhuangus,1
0xTomDaniel,kimehdgns,1
0xTomDaniel,kthota-g,1
0xTomDaniel,lahlfors,1
0xTomDaniel,lifieai,1
0xTomDaniel,lj-raidiam,1
0xTomDaniel,lorenzocipriani-huawei,1
0xTomDaniel,lukehinds,1
0xTomDaniel,mukteshkrmishra,1
0xTomDaniel,ognis1205,1
0xTomDaniel,prassanna-ravishankar,1
0xTomDaniel,raveenb,1
0xTomDaniel,rebeccacamejo,1
0xTomDaniel,ruFFaa,1
0xTomDaniel,tatanka1212,1
0xTomDaniel,trssantos,1
0xTomDaniel,tymorton,1
0xTomDaniel,vineethsai,1
0xTomDaniel,vizmut-labs,1
0xTomDaniel,widrss,1
0xTomDaniel,x0cipher,1
0xTomDaniel,yairyairyair,1
CHARLIE1210-A,EliasLumer,1
CHARLIE1210-A,KiteSoar,1
CHARLIE1210-A,KomachiSion,1
CHARLIE1210-A,LordOfBug,1
CHARLIE1210-A,OyaAIProd,1
CHARLIE1210-A,Roye-Wy,1
CHARLIE1210-A,SecureAgentTools,1
CHARLIE1210-A,ahoblitz,1
CHARLIE1210-A,architectureofthings,1
CHARLIE1210-A,benclarkeio,1
CHARLIE1210-A,brasseld,1
CHARLIE1210-A,carlesarnal,1
CHARLIE1210-A,chendatony31,1
CHARLIE1210-A,darrelmiller,1
CHARLIE1210-A,dasiths,1
CHARLIE1210-A,deepakskhetwal,1
CHARLIE1210-A,duglin,1
CHARLIE1210-A,humuhimi,1
CHARLIE1210-A,iFurySt,1
CHARLIE1210-A,izzymsft,1
CHARLIE1210-A,jenish2917,1
CHARLIE1210-A,joshhalley,1
CHARLIE1210-A,kenhuangus,1
CHARLIE1210-A,kimehdgns,1
CHARLIE1210-A,kthota-g,1
CHARLIE1210-A,lahlfors,1
CHARLIE1210-A,lifieai,1
CHARLIE1210-A,lj-raidiam,1
CHARLIE1210-A,lorenzocipriani-huawei,1
CHARLIE1210-A,lukehinds,1
CHARLIE1210-A,mukteshkrmishra,1
CHARLIE1210-A,ognis1205,1
CHARLIE1210-A,prassanna-ravishankar,1
CHARLIE1210-A,raveenb,1
CHARLIE1210-A,rebeccacamejo,1
CHARLIE1210-A,ruFFaa,1
CHARLIE1210-A,tatanka1212,1
CHARLIE1210-A,trssantos,1
CHARLIE1210-A,tymorton,1
CHARLIE1210-A,vineethsai,1
CHARLIE1210-A,vizmut-labs,1
CHARLIE1210-A,widrss,1
CHARLIE1210-A,x0cipher,1
CHARLIE1210-A,yairyairyair,1
EliasLumer,KiteSoar,1
EliasLumer,KomachiSion,1
EliasLumer,LordOfBug,1
EliasLumer,OyaAIProd,1
EliasLumer,Roye-Wy,1
EliasLumer,SecureAgentTools,1
EliasLumer,ahoblitz,1
EliasLumer,architectureofthings,1
EliasLumer,benclarkeio,1
EliasLumer,brasseld,1
EliasLumer,carlesarnal,1
EliasLumer,chendatony31,1
EliasLumer,darrelmiller,1
EliasLumer,dasiths,1
EliasLumer,deepakskhetwal,1
EliasLumer,duglin,1
EliasLumer,humuhimi,1
EliasLumer,iFurySt,1
EliasLumer,izzymsft,1
EliasLumer,jenish2917,1
EliasLumer,joshhalley,1
EliasLumer,kenhuangus,1
EliasLumer,kimehdgns,1
EliasLumer,kthota-g,1
EliasLumer,lahlfors,1
EliasLumer,lifieai,1
EliasLumer,lj-raidiam,1
EliasLumer,lorenzocipriani-huawei,1
EliasLumer,lukehinds,1
EliasLumer,mukteshkrmishra,1
EliasLumer,ognis1205,1
EliasLumer,prassanna-ravishankar,1
EliasLumer,raveenb,1
EliasLumer,rebeccacamejo,1
EliasLumer,ruFFaa,1
EliasLumer,tatanka1212,1
EliasLumer,trssantos,1
EliasLumer,tymorton,1
EliasLumer,vineethsai,1
EliasLumer,vizmut-labs,1
EliasLumer,widrss,1
EliasLumer,x0cipher,1
EliasLumer,yairyairyair,1
KiteSoar,KomachiSion,1
KiteSoar,LordOfBug,1
KiteSoar,OyaAIProd,1
KiteSoar,Roye-Wy,1
KiteSoar,SecureAgentTools,1
KiteSoar,ahoblitz,1
KiteSoar,architectureofthings,1
KiteSoar,benclarkeio,1
KiteSoar,brasseld,1
KiteSoar,carlesarnal,1
KiteSoar,chendatony31,1
KiteSoar,darrelmiller,1
KiteSoar,dasiths,1
KiteSoar,deepakskhetwal,1
KiteSoar,duglin,1
KiteSoar,humuhimi,1
KiteSoar,iFurySt,1
KiteSoar,izzymsft,1
KiteSoar,jenish2917,1
KiteSoar,joshhalley,1
KiteSoar,kenhuangus,1
KiteSoar,kimehdgns,1
KiteSoar,kthota-g,1
KiteSoar,lahlfors,1
KiteSoar,lifieai,1
KiteSoar,lj-raidiam,1
KiteSoar,lorenzocipriani-huawei,1
KiteSoar,lukehinds,1
KiteSoar,mukteshkrmishra,1
KiteSoar,ognis1205,1
KiteSoar,prassanna-ravishankar,1
KiteSoar,raveenb,1
KiteSoar,rebeccacamejo,1
KiteSoar,ruFFaa,1
KiteSoar,tatanka1212,1
KiteSoar,trssantos,1
KiteSoar,tymorton,1
KiteSoar,vineethsai,1
KiteSoar,vizmut-labs,1
KiteSoar,widrss,1
KiteSoar,x0cipher,1
KiteSoar,yairyairyair,1
KomachiSion,LordOfBug,1
KomachiSion,OyaAIProd,1
KomachiSion,Roye-Wy,1
KomachiSion,SecureAgentTools,1
KomachiSion,ahoblitz,1
KomachiSion,architectureofthings,1
KomachiSion,benclarkeio,1
KomachiSion,brasseld,1
KomachiSion,carlesarnal,1
KomachiSion,chendatony31,1
KomachiSion,darrelmiller,1
KomachiSion,dasiths,1
KomachiSion,deepakskhetwal,1
KomachiSion,duglin,1
KomachiSion,humuhimi,1
KomachiSion,iFurySt,1
KomachiSion,izzymsft,1
KomachiSion,jenish2917,1
KomachiSion,joshhalley,1
KomachiSion,kenhuangus,1
KomachiSion,kimehdgns,1
KomachiSion,kthota-g,1
KomachiSion,lahlfors,1
KomachiSion,lifieai,1
KomachiSion,lj-raidiam,1
KomachiSion,lorenzocipriani-huawei,1
KomachiSion,lukehinds,1
KomachiSion,mukteshkrmishra,1
KomachiSion,ognis1205,1
KomachiSion,prassanna-ravishankar,1
KomachiSion,raveenb,1
KomachiSion,rebeccacamejo,1
KomachiSion,ruFFaa,1
KomachiSion,tatanka1212,1
KomachiSion,trssantos,1
KomachiSion,tymorton,1
KomachiSion,vineethsai,1
KomachiSion,vizmut-labs,1
KomachiSion,widrss,1
KomachiSion,x0cipher,1
KomachiSion,yairyairyair,1
LordOfBug,OyaAIProd,1
LordOfBug,Roye-Wy,1
LordOfBug,SecureAgentTools,1
LordOfBug,ahoblitz,1
LordOfBug,architectureofthings,1
LordOfBug,benclarkeio,1
LordOfBug,brasseld,1
LordOfBug,carlesarnal,1
LordOfBug,chendatony31,1
LordOfBug,darrelmiller,1
LordOfBug,dasiths,1
LordOfBug,deepakskhetwal,1
LordOfBug,duglin,1
LordOfBug,humuhimi,1
LordOfBug,iFurySt,1
LordOfBug,izzymsft,1
LordOfBug,jenish2917,1
LordOfBug,joshhalley,1
LordOfBug,kenhuangus,1
LordOfBug,kimehdgns,1
LordOfBug,kthota-g,1
LordOfBug,lahlfors,1
LordOfBug,lifieai,1
LordOfBug,lj-raidiam,1
LordOfBug,lorenzocipriani-huawei,1
LordOfBug,lukehinds,1
LordOfBug,mukteshkrmishra,1
LordOfBug,ognis1205,1
LordOfBug,prassanna-ravishankar,1
LordOfBug,raveenb,1
LordOfBug,rebeccacamejo,1
LordOfBug,ruFFaa,1
LordOfBug,tatanka1212,1
LordOfBug,trssantos,1
LordOfBug,tymorton,1
LordOfBug,vineethsai,1
LordOfBug,vizmut-labs,1
LordOfBug,widrss,1
LordOfBug,x0cipher,1
LordOfBug,yairyairyair,1
OyaAIProd,Roye-Wy,1
OyaAIProd,SecureAgentTools,1
OyaAIProd,ahoblitz,1
OyaAIProd,architectureofthings,1
OyaAIProd,benclarkeio,1
OyaAIProd,brasseld,1
OyaAIProd,carlesarnal,1
OyaAIProd,chendatony31,1
OyaAIProd,darrelmiller,1
OyaAIProd,dasiths,1
OyaAIProd,deepakskhetwal,1
OyaAIProd,duglin,1
OyaAIProd,humuhimi,1
OyaAIProd,iFurySt,1
OyaAIProd,izzymsft,1
OyaAIProd,jenish2917,1
OyaAIProd,joshhalley,1
OyaAIProd,kenhuangus,1
OyaAIProd,kimehdgns,1
OyaAIProd,kthota-g,1
OyaAIProd,lahlfors,1
OyaAIProd,lifieai,1
OyaAIProd,lj-raidiam,1
OyaAIProd,lorenzocipriani-huawei,1
OyaAIProd,lukehinds,1
OyaAIProd,mukteshkrmishra,1
OyaAIProd,ognis1205,1
OyaAIProd,prassanna-ravishankar,1
OyaAIProd,raveenb,1
OyaAIProd,rebeccacamejo,1
OyaAIProd,ruFFaa,1
OyaAIProd,tatanka1212,1
OyaAIProd,trssantos,1
OyaAIProd,tymorton,1
OyaAIProd,vineethsai,1
OyaAIProd,vizmut-labs,1
OyaAIProd,widrss,1
OyaAIProd,x0cipher,1
OyaAIProd,yairyairyair,1
Roye-Wy,SecureAgentTools,1
Roye-Wy,ahoblitz,1
Roye-Wy,architectureofthings,1
Roye-Wy,benclarkeio,1
Roye-Wy,brasseld,1
Roye-Wy,carlesarnal,1
Roye-Wy,chendatony31,1
Roye-Wy,darrelmiller,1
Roye-Wy,dasiths,1
Roye-Wy,deepakskhetwal,1
Roye-Wy,duglin,1
Roye-Wy,humuhimi,1
Roye-Wy,iFurySt,1
Roye-Wy,izzymsft,1
Roye-Wy,jenish2917,1
Roye-Wy,joshhalley,1
Roye-Wy,kenhuangus,1
Roye-Wy,kimehdgns,1
Roye-Wy,kthota-g,1
Roye-Wy,lahlfors,1
Roye-Wy,lifieai,1
Roye-Wy,lj-raidiam,1
Roye-Wy,lorenzocipriani-huawei,1
Roye-Wy,lukehinds,1
Roye-Wy,mukteshkrmishra,1
Roye-Wy,ognis1205,1
Roye-Wy,prassanna-ravishankar,1
Roye-Wy,raveenb,1
Roye-Wy,rebeccacamejo,1
Roye-Wy,ruFFaa,1
Roye-Wy,tatanka1212,1
Roye-Wy,trssantos,1
Roye-Wy,tymorton,1
Roye-Wy,vineethsai,1
Roye-Wy,vizmut-labs,1
Roye-Wy,widrss,1
Roye-Wy,x0cipher,1
Roye-Wy,yairyairyair,1
SecureAgentTools,ahoblitz,1
SecureAgentTools,architectureofthings,1
SecureAgentTools,benclarkeio,1
SecureAgentTools,brasseld,1
SecureAgentTools,carlesarnal,1
SecureAgentTools,chendatony31,1
SecureAgentTools,darrelmiller,1
SecureAgentTools,dasiths,1
SecureAgentTools,deepakskhetwal,1
SecureAgentTools,duglin,1
SecureAgentTools,humuhimi,1
SecureAgentTools,iFurySt,1
SecureAgentTools,izzymsft,1
SecureAgentTools,jenish2917,1
SecureAgentTools,joshhalley,1
SecureAgentTools,kenhuangus,1
SecureAgentTools,kimehdgns,1
SecureAgentTools,kthota-g,1
SecureAgentTools,lahlfors,1
SecureAgentTools,lifieai,1
SecureAgentTools,lj-raidiam,1
SecureAgentTools,lorenzocipriani-huawei,1
SecureAgentTools,lukehinds,1
SecureAgentTools,mukteshkrmishra,1
SecureAgentTools,ognis1205,1
SecureAgentTools,prassanna-ravishankar,1
SecureAgentTools,raveenb,1
SecureAgentTools,rebeccacamejo,1
SecureAgentTools,ruFFaa,1
SecureAgentTools,tatanka1212,1
SecureAgentTools,trssantos,1
SecureAgentTools,tymorton,1
SecureAgentTools,vineethsai,1
SecureAgentTools,vizmut-labs,1
SecureAgentTools,widrss,1
SecureAgentTools,x0cipher,1
SecureAgentTools,yairyairyair,1
ahoblitz,architectureofthings,1
ahoblitz,benclarkeio,1
ahoblitz,brasseld,1
ahoblitz,carlesarnal,1
ahoblitz,chendatony31,1
ahoblitz,darrelmiller,1
ahoblitz,dasiths,1
ahoblitz,deepakskhetwal,1
ahoblitz,duglin,1
ahoblitz,humuhimi,1
ahoblitz,iFurySt,1
ahoblitz,izzymsft,1
ahoblitz,jenish2917,1
ahoblitz,joshhalley,1
ahoblitz,kenhuangus,1
ahoblitz,kimehdgns,1
ahoblitz,kthota-g,1
ahoblitz,lahlfors,1
ahoblitz,lifieai,1
ahoblitz,lj-raidiam,1
ahoblitz,lorenzocipriani-huawei,1
ahoblitz,lukehinds,1
ahoblitz,mukteshkrmishra,1
ahoblitz,ognis1205,1
ahoblitz,prassanna-ravishankar,1
ahoblitz,raveenb,1
ahoblitz,rebeccacamejo,1
ahoblitz,ruFFaa,1
ahoblitz,tatanka1212,1
ahoblitz,trssantos,1
ahoblitz,tymorton,1
ahoblitz,vineethsai,1
ahoblitz,vizmut-labs,1
ahoblitz,widrss,1
ahoblitz,x0cipher,1
ahoblitz,yairyairyair,1
architectureofthings,benclarkeio,1
architectureofthings,brasseld,1
architectureofthings,carlesarnal,1
architectureofthings,chendatony31,1
architectureofthings,darrelmiller,1
architectureofthings,dasiths,1
architectureofthings,deepakskhetwal,1
architectureofthings,duglin,1
architectureofthings,humuhimi,1
architectureofthings,iFurySt,1
architectureofthings,izzymsft,1
architectureofthings,jenish2917,1
architectureofthings,joshhalley,1
architectureofthings,kenhuangus,1
architectureofthings,kimehdgns,1
architectureofthings,kthota-g,1
architectureofthings,lahlfors,1
architectureofthings,lifieai,1
architectureofthings,lj-raidiam,1
architectureofthings,lorenzocipriani-huawei,1
architectureofthings,lukehinds,1
architectureofthings,mukteshkrmishra,1
architectureofthings,ognis1205,1
architectureofthings,prassanna-ravishankar,1
architectureofthings,raveenb,1
architectureofthings,rebeccacamejo,1
architectureofthings,ruFFaa,1
architectureofthings,tatanka1212,1
architectureofthings,trssantos,1
architectureofthings,tymorton,1
architectureofthings,vineethsai,1
architectureofthings,vizmut-labs,1
architectureofthings,widrss,1
architectureofthings,x0cipher,1
architectureofthings,yairyairyair,1
benclarkeio,brasseld,1
benclarkeio,carlesarnal,1
benclarkeio,chendatony31,1
benclarkeio,darrelmiller,1
benclarkeio,dasiths,1
benclarkeio,deepakskhetwal,1
benclarkeio,duglin,1
benclarkeio,humuhimi,1
benclarkeio,iFurySt,1
benclarkeio,izzymsft,1
benclarkeio,jenish2917,1
benclarkeio,joshhalley,1
benclarkeio,kenhuangus,1
benclarkeio,kimehdgns,1
benclarkeio,kthota-g,1
benclarkeio,lahlfors,1
benclarkeio,lifieai,1
benclarkeio,lj-raidiam,1
benclarkeio,lorenzocipriani-huawei,1
benclarkeio,lukehinds,1
benclarkeio,mukteshkrmishra,1
benclarkeio,ognis1205,1
benclarkeio,prassanna-ravishankar,1
benclarkeio,raveenb,1
benclarkeio,rebeccacamejo,1
benclarkeio,ruFFaa,1
benclarkeio,tatanka1212,1
benclarkeio,trssantos,1
benclarkeio,tymorton,1
benclarkeio,vineethsai,1
benclarkeio,vizmut-labs,1
benclarkeio,widrss,1
benclarkeio,x0cipher,1
benclarkeio,yairyairyair,1
brasseld,carlesarnal,1
brasseld,chendatony31,1
brasseld,darrelmiller,1
brasseld,dasiths,1
brasseld,deepakskhetwal,1
brasseld,duglin,1
brasseld,humuhimi,1
brasseld,iFurySt,1
brasseld,izzymsft,1
brasseld,jenish2917,1
brasseld,joshhalley,1
brasseld,kenhuangus,1
brasseld,kimehdgns,1
brasseld,kthota-g,1
brasseld,lahlfors,1
brasseld,lifieai,1
brasseld,lj-raidiam,1
brasseld,lorenzocipriani-huawei,1
brasseld,lukehinds,1
brasseld,mukteshkrmishra,1
brasseld,ognis1205,1
brasseld,prassanna-ravishankar,1
brasseld,raveenb,1
brasseld,rebeccacamejo,1
brasseld,ruFFaa,1
brasseld,tatanka1212,1
brasseld,trssantos,1
brasseld,tymorton,1
brasseld,vineethsai,1
brasseld,vizmut-labs,1
brasseld,widrss,1
brasseld,x0cipher,1
brasseld,yairyairyair,1
carlesarnal,chendatony31,1
carlesarnal,darrelmiller,1
carlesarnal,dasiths,1
carlesarnal,deepakskhetwal,1
carlesarnal,duglin,1
carlesarnal,humuhimi,1
carlesarnal,iFurySt,1
carlesarnal,izzymsft,1
carlesarnal,jenish2917,1
carlesarnal,joshhalley,1
carlesarnal,kenhuangus,1
carlesarnal,kimehdgns,1
carlesarnal,kthota-g,1
carlesarnal,lahlfors,1
carlesarnal,lifieai,1
carlesarnal,lj-raidiam,1
carlesarnal,lorenzocipriani-huawei,1
carlesarnal,lukehinds,1
carlesarnal,mukteshkrmishra,1
carlesarnal,ognis1205,1
carlesarnal,prassanna-ravishankar,1
carlesarnal,raveenb,1
carlesarnal,rebeccacamejo,1
carlesarnal,ruFFaa,1
carlesarnal,tatanka1212,1
carlesarnal,trssantos,1
carlesarnal,tymorton,1
carlesarnal,vineethsai,1
carlesarnal,vizmut-labs,1
carlesarnal,widrss,1
carlesarnal,x0cipher,1
carlesarnal,yairyairyair,1
chendatony31,darrelmiller,1
chendatony31,dasiths,1
chendatony31,deepakskhetwal,1
chendatony31,duglin,1
chendatony31,humuhimi,1
chendatony31,iFurySt,1
chendatony31,izzymsft,1
chendatony31,jenish2917,1
chendatony31,joshhalley,1
chendatony31,kenhuangus,1
chendatony31,kimehdgns,1
chendatony31,kthota-g,1
chendatony31,lahlfors,1
chendatony31,lifieai,1
chendatony31,lj-raidiam,1
chendatony31,lorenzocipriani-huawei,1
chendatony31,lukehinds,1
chendatony31,mukteshkrmishra,1
chendatony31,ognis1205,1
chendatony31,prassanna-ravishankar,1
chendatony31,raveenb,1
chendatony31,rebeccacamejo,1
chendatony31,ruFFaa,1
chendatony31,tatanka1212,1
chendatony31,trssantos,1
chendatony31,tymorton,1
chendatony31,vineethsai,1
chendatony31,vizmut-labs,1
chendatony31,widrss,1
chendatony31,x0cipher,1
chendatony31,yairyairyair,1
darrelmiller,dasiths,1
darrelmiller,deepakskhetwal,1
darrelmiller,duglin,1
darrelmiller,humuhimi,1
darrelmiller,iFurySt,1
darrelmiller,izzymsft,1
darrelmiller,jenish2917,1
darrelmiller,joshhalley,1
darrelmiller,kenhuangus,1
darrelmiller,kimehdgns,1
darrelmiller,lahlfors,1
darrelmiller,lifieai,1
darrelmiller,lj-raidiam,1
darrelmiller,lorenzocipriani-huawei,1
darrelmiller,lukehinds,1
darrelmiller,mukteshkrmishra,1
darrelmiller,prassanna-ravishankar,1
darrelmiller,raveenb,1
darrelmiller,rebeccacamejo,1
darrelmiller,ruFFaa,1
darrelmiller,tatanka1212,1
darrelmiller,trssantos,1
darrelmiller,tymorton,1
darrelmiller,vineethsai,1
darrelmiller,vizmut-labs,1
darrelmiller,widrss,1
darrelmiller,x0cipher,1
darrelmiller,yairyairyair,1
dasiths,deepakskhetwal,1
dasiths,duglin,1
dasiths,humuhimi,1
dasiths,iFurySt,1
dasiths,izzymsft,1
dasiths,jenish2917,1
dasiths,joshhalley,1
dasiths,kenhuangus,1
dasiths,kimehdgns,1
dasiths,kthota-g,1
dasiths,lahlfors,1
dasiths,lifieai,1
dasiths,lj-raidiam,1
dasiths,lorenzocipriani-huawei,1
dasiths,lukehinds,1
dasiths,mukteshkrmishra,1
dasiths,ognis1205,1
dasiths,prassanna-ravishankar,1
dasiths,raveenb,1
dasiths,rebeccacamejo,1
dasiths,ruFFaa,1
dasiths,tatanka1212,1
dasiths,trssantos,1
dasiths,tymorton,1
dasiths,vineethsai,1
dasiths,vizmut-labs,1
dasiths,widrss,1
dasiths,x0cipher,1
dasiths,yairyairyair,1
deepakskhetwal,duglin,1
deepakskhetwal,humuhimi,1
deepakskhetwal,iFurySt,1
deepakskhetwal,izzymsft,1
deepakskhetwal,jenish2917,1
deepakskhetwal,joshhalley,1
deepakskhetwal,kenhuangus,1
deepakskhetwal,kimehdgns,1
deepakskhetwal,kthota-g,1
deepakskhetwal,lahlfors,1
deepakskhetwal,lifieai,1
deepakskhetwal,lj-raidiam,1
deepakskhetwal,lorenzocipriani-huawei,1
deepakskhetwal,lukehinds,1
deepakskhetwal,mukteshkrmishra,1
deepakskhetwal,ognis1205,1
deepakskhetwal,prassanna-ravishankar,1
deepakskhetwal,raveenb,1
deepakskhetwal,rebeccacamejo,1
deepakskhetwal,ruFFaa,1
deepakskhetwal,tatanka1212,1
deepakskhetwal,trssantos,1
deepakskhetwal,tymorton,1
deepakskhetwal,vineethsai,1
deepakskhetwal,vizmut-labs,1
deepakskhetwal,widrss,1
deepakskhetwal,x0cipher,1
deepakskhetwal,yairyairyair,1
duglin,humuhimi,1
duglin,iFurySt,1
duglin,izzymsft,1
duglin,jenish2917,1
duglin,joshhalley,1
duglin,kenhuangus,1
duglin,kimehdgns,1
duglin,kthota-g,1
duglin,lahlfors,1
duglin,lifieai,1
duglin,lj-raidiam,1
duglin,lorenzocipriani-huawei,1
duglin,lukehinds,1
duglin,mukteshkrmishra,1
duglin,ognis1205,1
duglin,prassanna-ravishankar,1
duglin,raveenb,1
duglin,rebeccacamejo,1
duglin,ruFFaa,1
duglin,tatanka1212,1
duglin,trssantos,1
duglin,tymorton,1
duglin,vineethsai,1
duglin,vizmut-labs,1
duglin,widrss,1
duglin,x0cipher,1
duglin,yairyairyair,1
humuhimi,iFurySt,1
humuhimi,izzymsft,1
humuhimi,jenish2917,1
humuhimi,joshhalley,1
humuhimi,kenhuangus,1
humuhimi,kimehdgns,1
humuhimi,kthota-g,1
humuhimi,lahlfors,1
humuhimi,lifieai,1
humuhimi,lj-raidiam,1
humuhimi,lorenzocipriani-huawei,1
humuhimi,lukehinds,1
humuhimi,mukteshkrmishra,1
humuhimi,ognis1205,1
humuhimi,prassanna-ravishankar,1
humuhimi,raveenb,1
humuhimi,rebeccacamejo,1
humuhimi,ruFFaa,1
humuhimi,tatanka1212,1
humuhimi,trssantos,1
humuhimi,tymorton,1
humuhimi,vineethsai,1
humuhimi,vizmut-labs,1
humuhimi,widrss,1
humuhimi,x0cipher,1
humuhimi,yairyairyair,1
iFurySt,izzymsft,1
iFurySt,jenish2917,1
iFurySt,joshhalley,1
iFurySt,kenhuangus,1
iFurySt,kimehdgns,1
iFurySt,kthota-g,1
iFurySt,lahlfors,1
iFurySt,lifieai,1
iFurySt,lj-raidiam,1
iFurySt,lorenzocipriani-huawei,1
iFurySt,lukehinds,1
iFurySt,mukteshkrmishra,1
iFurySt,ognis1205,1
iFurySt,prassanna-ravishankar,1
iFurySt,raveenb,1
iFurySt,rebeccacamejo,1
iFurySt,ruFFaa,1
iFurySt,tatanka1212,1
iFurySt,trssantos,1
iFurySt,tymorton,1
iFurySt,vineethsai,1
iFurySt,vizmut-labs,1
iFurySt,widrss,1
iFurySt,x0cipher,1
iFurySt,yairyairyair,1
izzymsft,jenish2917,1
izzymsft,joshhalley,1
izzymsft,kenhuangus,1
izzymsft,kimehdgns,1
izzymsft,kthota-g,1
izzymsft,lahlfors,1
izzymsft,lifieai,1
izzymsft,lj-raidiam,1
izzymsft,lorenzocipriani-huawei,1
izzymsft,lukehinds,2
izzymsft,mukteshkrmishra,1
izzymsft,ognis1205,1
izzymsft,prassanna-ravishankar,1
izzymsft,raveenb,1
izzymsft,rebeccacamejo,1
izzymsft,ruFFaa,1
izzymsft,tatanka1212,1
izzymsft,trssantos,1
izzymsft,tymorton,1
izzymsft,vineethsai,1
izzymsft,vizmut-labs,1
izzymsft,widrss,1
izzymsft,x0cipher,1
izzymsft,yairyairyair,1
jenish2917,joshhalley,1
jenish2917,kenhuangus,1
jenish2917,kimehdgns,1
jenish2917,kthota-g,1
jenish2917,lahlfors,1
jenish2917,lifieai,1
jenish2917,lj-raidiam,1
jenish2917,lorenzocipriani-huawei,1
jenish2917,lukehinds,1
jenish2917,mukteshkrmishra,1
jenish2917,ognis1205,1
jenish2917,prassanna-ravishankar,1
jenish2917,raveenb,1
jenish2917,rebeccacamejo,1
jenish2917,ruFFaa,1
jenish2917,tatanka1212,1
jenish2917,trssantos,1
jenish2917,tymorton,1
jenish2917,vineethsai,1
jenish2917,vizmut-labs,1
jenish2917,widrss,1
jenish2917,x0cipher,1
jenish2917,yairyairyair,1
joshhalley,kenhuangus,1
joshhalley,kimehdgns,1
joshhalley,kthota-g,1
joshhalley,lahlfors,1
joshhalley,lifieai,1
joshhalley,lj-raidiam,1
joshhalley,lorenzocipriani-huawei,1
joshhalley,lukehinds,1
joshhalley,mukteshkrmishra,1
joshhalley,ognis1205,1
joshhalley,prassanna-ravishankar,1
joshhalley,raveenb,1
joshhalley,rebeccacamejo,1
joshhalley,ruFFaa,1
joshhalley,tatanka1212,1
joshhalley,trssantos,1
joshhalley,tymorton,1
joshhalley,vineethsai,1
joshhalley,vizmut-labs,1
joshhalley,widrss,1
joshhalley,x0cipher,1
joshhalley,yairyairyair,1
kenhuangus,kimehdgns,1
kenhuangus,kthota-g,1
kenhuangus,lahlfors,1
kenhuangus,lifieai,1
kenhuangus,lj-raidiam,1
kenhuangus,lorenzocipriani-huawei,1
kenhuangus,lukehinds,1
kenhuangus,mukteshkrmishra,1
kenhuangus,ognis1205,1
kenhuangus,prassanna-ravishankar,1
kenhuangus,raveenb,1
kenhuangus,rebeccacamejo,1
kenhuangus,ruFFaa,1
kenhuangus,tatanka1212,1
kenhuangus,trssantos,1
kenhuangus,tymorton,1
kenhuangus,vineethsai,1
kenhuangus,vizmut-labs,1
kenhuangus,widrss,1
kenhuangus,x0cipher,1
kenhuangus,yairyairyair,1
kimehdgns,kthota-g,1
kimehdgns,lahlfors,1
kimehdgns,lifieai,1
kimehdgns,lj-raidiam,1
kimehdgns,lorenzocipriani-huawei,1
kimehdgns,lukehinds,1
kimehdgns,mukteshkrmishra,1
kimehdgns,ognis1205,1
kimehdgns,prassanna-ravishankar,1
kimehdgns,raveenb,1
kimehdgns,rebeccacamejo,1
kimehdgns,ruFFaa,1
kimehdgns,tatanka1212,1
kimehdgns,trssantos,1
kimehdgns,tymorton,1
kimehdgns,vineethsai,1
kimehdgns,vizmut-labs,1
kimehdgns,widrss,1
kimehdgns,x0cipher,1
kimehdgns,yairyairyair,1
kthota-g,lahlfors,1
kthota-g,lifieai,1
kthota-g,lj-raidiam,1
kthota-g,lorenzocipriani-huawei,1
kthota-g,lukehinds,2
kthota-g,mukteshkrmishra,1
kthota-g,prassanna-ravishankar,1
kthota-g,raveenb,1
kthota-g,rebeccacamejo,1
kthota-g,ruFFaa,1
kthota-g,tatanka1212,1
kthota-g,trssantos,1
kthota-g,tymorton,1
kthota-g,vineethsai,1
kthota-g,vizmut-labs,1
kthota-g,widrss,1
kthota-g,x0cipher,1
kthota-g,yairyairyair,1
lahlfors,lifieai,1
lahlfors,lj-raidiam,1
lahlfors,lorenzocipriani-huawei,1
lahlfors,lukehinds,1
lahlfors,mukteshkrmishra,1
lahlfors,ognis1205,1
lahlfors,prassanna-ravishankar,1
lahlfors,raveenb,1
lahlfors,rebeccacamejo,1
lahlfors,ruFFaa,1
lahlfors,tatanka1212,1
lahlfors,trssantos,1
lahlfors,tymorton,1
lahlfors,vineethsai,1
lahlfors,vizmut-labs,1
lahlfors,widrss,1
lahlfors,x0cipher,1
lahlfors,yairyairyair,1
lifieai,lj-raidiam,1
lifieai,lorenzocipriani-huawei,1
lifieai,lukehinds,1
lifieai,mukteshkrmishra,1
lifieai,ognis1205,1
lifieai,prassanna-ravishankar,1
lifieai,raveenb,1
lifieai,rebeccacamejo,1
lifieai,ruFFaa,1
lifieai,tatanka1212,1
lifieai,trssantos,1
lifieai,tymorton,1
lifieai,vineethsai,1
lifieai,vizmut-labs,1
lifieai,widrss,1
lifieai,x0cipher,1
lifieai,yairyairyair,1
lj-raidiam,lorenzocipriani-huawei,1
lj-raidiam,lukehinds,1
lj-raidiam,mukteshkrmishra,1
lj-raidiam,ognis1205,1
lj-raidiam,prassanna-ravishankar,1
lj-raidiam,raveenb,1
lj-raidiam,rebeccacamejo,1
lj-raidiam,ruFFaa,1
lj-raidiam,tatanka1212,1
lj-raidiam,trssantos,1
lj-raidiam,tymorton,1
lj-raidiam,vineethsai,1
lj-raidiam,vizmut-labs,1
lj-raidiam,widrss,1
lj-raidiam,x0cipher,1
lj-raidiam,yairyairyair,1
lorenzocipriani-huawei,lukehinds,1
lorenzocipriani-huawei,mukteshkrmishra,1
lorenzocipriani-huawei,ognis1205,1
lorenzocipriani-huawei,prassanna-ravishankar,1
lorenzocipriani-huawei,raveenb,1
lorenzocipriani-huawei,rebeccacamejo,1
lorenzocipriani-huawei,ruFFaa,1
lorenzocipriani-huawei,tatanka1212,1
lorenzocipriani-huawei,trssantos,1
lorenzocipriani-huawei,tymorton,1
lorenzocipriani-huawei,vineethsai,1
lorenzocipriani-huawei,vizmut-labs,1
lorenzocipriani-huawei,widrss,1
lorenzocipriani-huawei,x0cipher,1
lorenzocipriani-huawei,yairyairyair,1
lukehinds,mukteshkrmishra,1
lukehinds,prassanna-ravishankar,1
lukehinds,raveenb,1
lukehinds,rebeccacamejo,1
lukehinds,ruFFaa,1
lukehinds,tatanka1212,1
lukehinds,trssantos,1
lukehinds,tymorton,1
lukehinds,vineethsai,1
lukehinds,vizmut-labs,1
lukehinds,widrss,1
lukehinds,x0cipher,1
lukehinds,yairyairyair,1
mukteshkrmishra,ognis1205,1
mukteshkrmishra,prassanna-ravishankar,1
mukteshkrmishra,raveenb,1
mukteshkrmishra,rebeccacamejo,1
mukteshkrmishra,ruFFaa,1
mukteshkrmishra,tatanka1212,1
mukteshkrmishra,trssantos,1
mukteshkrmishra,tymorton,1
mukteshkrmishra,vineethsai,1
mukteshkrmishra,vizmut-labs,1
mukteshkrmishra,widrss,1
mukteshkrmishra,x0cipher,1
mukteshkrmishra,yairyairyair,1
ognis1205,prassanna-ravishankar,1
ognis1205,raveenb,1
ognis1205,rebeccacamejo,1
ognis1205,ruFFaa,1
ognis1205,tatanka1212,1
ognis1205,trssantos,1
ognis1205,tymorton,1
ognis1205,vineethsai,1
ognis1205,vizmut-labs,1
ognis1205,widrss,1
ognis1205,x0cipher,1
ognis1205,yairyairyair,1
prassanna-ravishankar,raveenb,1
prassanna-ravishankar,rebeccacamejo,1
prassanna-ravishankar,ruFFaa,1
prassanna-ravishankar,tatanka1212,1
prassanna-ravishankar,trssantos,1
prassanna-ravishankar,tymorton,1
prassanna-ravishankar,vineethsai,1
prassanna-ravishankar,vizmut-labs,1
prassanna-ravishankar,widrss,1
prassanna-ravishankar,x0cipher,1
prassanna-ravishankar,yairyairyair,1
raveenb,rebeccacamejo,1
raveenb,ruFFaa,1
raveenb,tatanka1212,1
raveenb,trssantos,1
raveenb,tymorton,1
raveenb,vineethsai,1
raveenb,vizmut-labs,1
raveenb,widrss,1
raveenb,x0cipher,1
raveenb,yairyairyair,1
rebeccacamejo,ruFFaa,1
rebeccacamejo,tatanka1212,1
rebeccacamejo,trssantos,1
rebeccacamejo,tymorton,1
rebeccacamejo,vineethsai,1
rebeccacamejo,vizmut-labs,1
rebeccacamejo,widrss,1
rebeccacamejo,x0cipher,1
rebeccacamejo,yairyairyair,1
ruFFaa,tatanka1212,1
ruFFaa,trssantos,1
ruFFaa,tymorton,1
ruFFaa,vineethsai,1
ruFFaa,vizmut-labs,1
ruFFaa,widrss,1
ruFFaa,x0cipher,1
ruFFaa,yairyairyair,1
tatanka1212,trssantos,1
tatanka1212,tymorton,1
tatanka1212,vineethsai,1
tatanka1212,vizmut-labs,1
tatanka1212,widrss,1
tatanka1212,x0cipher,1
tatanka1212,yairyairyair,1
trssantos,tymorton,1
trssantos,vineethsai,1
trssantos,vizmut-labs,1
trssantos,widrss,1
trssantos,x0cipher,1
trssantos,yairyairyair,1
tymorton,vineethsai,1
tymorton,vizmut-labs,1
tymorton,widrss,1
tymorton,x0cipher,1
tymorton,yairyairyair,1
vineethsai,vizmut-labs,1
vineethsai,widrss,1
vineethsai,x0cipher,1
vineethsai,yairyairyair,1
vizmut-labs,widrss,1
vizmut-labs,x0cipher,1
vizmut-labs,yairyairyair,1
widrss,x0cipher,1
widrss,yairyairyair,1
x0cipher,yairyairyair,1
DracoBlue,izzymsft,1
EditUndo,benclarkeio,1
EditUndo,vishalmysore,1
benclarkeio,vishalmysore,1
