id,weight,thread_count
CHARLIE1210-A,12,2
vishalmysore,38,28
ognis1205,108,41
lifieai,3,3
EditUndo,20,10
darrelmiller,59,51
benclarkeio,12,11
tatanka1212,3,2
vizmut-labs,7,2
widrss,3,3
kthota-g,33,29
robert-at-pretension-io,5,5
lukehinds,28,15
izzymsft,20,15
DracoBlue,9,7
brasseld,1,1
mukteshkrmishra,2,1
SecureAgentTools,15,1
EliasLumer,1,1
Roye-Wy,1,1
ruFFaa,1,1
lj-raidiam,1,1
dasiths,1,1
tymorton,1,1
vineethsai,2,1
kenhuangus,1,1
architectureofthings,4,3
KomachiSion,8,2
KiteSoar,1,1
rebeccacamejo,2,1
kimehdgns,1,1
deepakskhetwal,3,1
ahoblitz,1,1
OyaAIProd,7,1
duglin,1,1
prassanna-ravishankar,1,1
chendatony31,1,1
yairyairyair,1,1
iFurySt,1,1
jenish2917,1,1
0xTomDaniel,1,1
joshhalley,2,2
x0cipher,1,1
lahlfors,1,1
humuhimi,1,1
LordOfBug,1,1
carlesarnal,1,1
raveenb,1,1
lorenzocipriani-huawei,2,1
trssantos,1,1
